word,book,verse,skip,start,length,sequence,hebert_score,z_score,is_significant,semantic_z_score
נשיא,Ezekiel,Ezekiel 7:27,1,737940,4,נשיא,0.24364322,1.8278954,false,-14.606794
נשיא,Ezekiel,Ezekiel 12:10,1,743282,4,נשיא,0.22531761,1.8278954,false,-15.504436
נשיא,Ezekiel,Ezekiel 12:12,1,743367,4,נשיא,0.20461708,1.8278954,false,-16.518406
נשיא,Ezekiel,Ezekiel 19:1,1,754382,4,נשיא,0.33808556,1.8278954,false,-9.980741
נשיא,Ezekiel,Ezekiel 21:17,1,758774,4,נשיא,0.24595216,1.8278954,false,-14.493696
נשיא,Ezekiel,Ezekiel 21:30,1,759481,4,נשיא,0.25995177,1.8278954,false,-13.807956
נשיא,Ezekiel,Ezekiel 22:6,1,760160,4,נשיא,0.23341405,1.8278954,false,-15.107848
נשיא,Ezekiel,Ezekiel 26:16,1,767371,4,נשיא,0.21280074,1.8278954,false,-16.117548
נשיא,Ezekiel,Ezekiel 27:21,1,768736,4,נשיא,0.24313472,1.8278954,false,-14.631702
נשיא,Ezekiel,Ezekiel 30:13,1,772880,4,נשיא,0.19037622,1.8278954,false,-17.215963
נשיא,Ezekiel,Ezekiel 32:29,1,776499,4,נשיא,0.22788893,1.8278954,false,-15.378485
נשיא,Ezekiel,Ezekiel 34:24,1,780162,4,נשיא,0.22304161,1.8278954,false,-15.61592
נשיא,Ezekiel,Ezekiel 37:25,1,785348,4,נשיא,0.21713723,1.8278954,false,-15.905133
נשיא,Ezekiel,Ezekiel 38:2,1,785566,4,נשיא,0.32311866,1.8278954,false,-10.713862
נשיא,Ezekiel,Ezekiel 38:3,1,785618,4,נשיא,0.26356494,1.8278954,false,-13.630972
נשיא,Ezekiel,Ezekiel 39:1,1,787034,4,נשיא,0.2519339,1.8278954,false,-14.200694
נשיא,Ezekiel,Ezekiel 39:18,1,788028,4,נשיא,0.27355492,1.8278954,false,-13.141635
נשיא,Ezekiel,Ezekiel 44:3,1,796371,4,נשיא,0.2783062,1.8278954,false,-12.908904
נשיא,Ezekiel,Ezekiel 44:3,1,796375,4,נשיא,0.2783062,1.8278954,false,-12.908904
נשיא,Ezekiel,Ezekiel 45:7,1,798676,4,נשיא,0.27043,1.8278954,false,-13.294703
נשיא,Ezekiel,Ezekiel 45:8,1,798825,4,נשיא,0.27317157,1.8278954,false,-13.160413
נשיא,Ezekiel,Ezekiel 45:9,1,798878,4,נשיא,0.2553216,1.8278954,false,-14.034755
נשיא,Ezekiel,Ezekiel 45:16,1,799297,4,נשיא,0.31441456,1.8278954,false,-11.140214
נשיא,Ezekiel,Ezekiel 45:17,1,799311,4,נשיא,0.34895992,1.8278954,false,-9.448084
נשיא,Ezekiel,Ezekiel 45:22,1,799649,4,נשיא,0.2569224,1.8278954,false,-13.956344
נשיא,Ezekiel,Ezekiel 46:2,1,799942,4,נשיא,0.23766181,1.8278954,false,-14.899781
נשיא,Ezekiel,Ezekiel 46:4,1,800097,4,נשיא,0.25848436,1.8278954,false,-13.879833
נשיא,Ezekiel,Ezekiel 46:8,1,800280,4,נשיא,0.3107931,1.8278954,false,-11.317603
נשיא,Ezekiel,Ezekiel 46:10,1,800428,4,נשיא,0.2960203,1.8278954,false,-12.041217
נשיא,Ezekiel,Ezekiel 46:12,1,800528,4,נשיא,0.26992264,1.8278954,false,-13.319554
נשיא,Ezekiel,Ezekiel 46:16,1,800816,4,נשיא,0.24706286,1.8278954,false,-14.439291
נשיא,Ezekiel,Ezekiel 46:17,1,800911,4,נשיא,0.24431531,1.8278954,false,-14.573874
נשיא,Ezekiel,Ezekiel 46:18,1,800940,4,נשיא,0.24729246,1.8278954,false,-14.428045
נשיא,Ezekiel,Ezekiel 48:21,1,804117,4,נשיא,0.28976637,1.8278954,false,-12.347552
נשיא,Ezekiel,Ezekiel 48:21,1,804223,4,נשיא,0.28976637,1.8278954,false,-12.347552
נשיא,Ezekiel,Ezekiel 48:22,1,804289,4,נשיא,0.293758,1.8278954,false,-12.152031
נשיא,Ezekiel,Ezekiel 48:22,1,804323,4,נשיא,0.293758,1.8278954,false,-12.152031
נשיא,I Kings,I Kings 8:1,1,494138,4,נשיא,0.2396412,1.8278954,false,-14.802825
נשיא,I Kings,I Kings 8:38,-1,496531,4,נשיא,0.21397984,1.8278954,false,-16.059792
נשיא,I Kings,I Kings 9:27,1,500211,4,נשיא,0.21222101,1.8278954,false,-16.145945
נשיא,I Kings,I Kings 11:34,1,504144,4,נשיא,0.2580866,1.8278954,false,-13.899318
נשיא,I Samuel,I Samuel 5:7,1,390552,4,נשיא,0.24509877,1.8278954,false,-14.535498
נשיא,I Samuel,I Samuel 9:6,-1,395379,4,נשיא,0.24746823,1.8278954,false,-14.419435
נשיא,I Samuel,I Samuel 17:41,-1,412039,4,נשיא,0.2800581,1.8278954,false,-12.8230915
נשיא,I Samuel,I Samuel 22:18,-1,421344,4,נשיא,0.26265037,1.8278954,false,-13.675771
נשיא,I Samuel,I Samuel 25:3,-1,424926,4,נשיא,0.23472568,1.8278954,false,-15.043601
נשיא,I Samuel,I Samuel 30:17,-1,433875,4,נשיא,0.27172562,1.8278954,false,-13.231239
כורש,II Kings,II Kings 5:14,-1,537263,4,כורש,0.3881705,1.8278954,false,-7.527438
נשיא,II Samuel,II Samuel 2:31,1,438869,4,נשיא,0.19761805,1.8278954,false,-16.861238
נשיא,II Samuel,II Samuel 12:8,1,452237,4,נשיא,0.22443596,1.8278954,false,-15.547622
כורש,Isaiah,Isaiah 5:27,-1,582416,4,כורש,0.37798905,1.8278954,false,-8.0261545
כורש,Isaiah,Isaiah 44:28,1,622903,4,כורש,0.35711557,1.8278954,false,-9.048597
כורש,Isaiah,Isaiah 45:1,1,622962,4,כורש,0.35192013,1.8278954,false,-9.303084
כורש,Isaiah,Isaiah 60:7,-1,637476,4,כורש,0.35383406,1.8278954,false,-9.209334
נשיא,Jeremiah,Jeremiah 8:6,-1,656384,4,נשיא,0.25212687,1.8278954,false,-14.191241
כורש,Jeremiah,Jeremiah 9:23,-1,658591,4,כורש,0.35301235,1.8278954,false,-9.249584
נשיא,Jeremiah,Jeremiah 14:9,-1,664403,4,נשיא,0.19775271,1.8278954,false,-16.854643
נשיא,Jeremiah,Jeremiah 51:6,-1,724267,4,נשיא,0.23644961,1.8278954,false,-14.959158
נשיא,Joshua,Joshua 6:5,-1,311728,4,נשיא,0.23707774,1.8278954,false,-14.9283905
נשיא,Joshua,Joshua 6:20,-1,312806,4,נשיא,0.2771996,1.8278954,false,-12.963108
נשיא,Joshua,Joshua 9:15,1,318582,4,נשיא,0.23816791,1.8278954,false,-14.874991
נשיא,Joshua,Joshua 9:18,1,318751,4,נשיא,0.23351267,1.8278954,false,-15.103018
נשיא,Joshua,Joshua 9:18,1,318788,4,נשיא,0.23351267,1.8278954,false,-15.103018
נשיא,Joshua,Joshua 9:19,1,318803,4,נשיא,0.23314327,1.8278954,false,-15.121112
נשיא,Joshua,Joshua 9:21,1,318928,4,נשיא,0.22449487,1.8278954,false,-15.544735
נשיא,Joshua,Joshua 9:21,1,318978,4,נשיא,0.22449487,1.8278954,false,-15.544735
כורש,Joshua,Joshua 13:21,-1,325930,4,כורש,0.41616324,1.8278954,false,-6.156275
נשיא,Joshua,Joshua 13:21,1,325978,4,נשיא,0.3156992,1.8278954,false,-11.077289
נשיא,Joshua,Joshua 17:4,1,330826,4,נשיא,0.28531197,1.8278954,false,-12.565742
נשיא,Joshua,Joshua 22:14,1,339529,4,נשיא,0.2767317,1.8278954,false,-12.986028
נשיא,Joshua,Joshua 22:14,1,339536,4,נשיא,0.2767317,1.8278954,false,-12.986028
נשיא,Joshua,Joshua 22:30,1,340774,4,נשיא,0.25788113,1.8278954,false,-13.909382
נשיא,Joshua,Joshua 22:32,1,340990,4,נשיא,0.25705585,1.8278954,false,-13.949806
נשיא,Judges,Judges 6:8,-1,353666,4,נשיא,0.21274428,1.8278954,false,-16.120312
נשיא,Judges,Judges 8:24,-1,359291,4,נשיא,0.25630838,1.8278954,false,-13.98642
נשיא,Judges,Judges 8:25,-1,359361,4,נשיא,0.26045316,1.8278954,false,-13.783396
נשיא,Ezekiel,Ezekiel 23:33,2,763156,4,נשיא,0.23032396,1.8278954,false,-15.259211
נשיא,I Samuel,I Samuel 2:4,2,385550,4,נשיא,0.23507413,1.8278954,false,-15.026533
נשיא,I Samuel,I Samuel 22:22,2,421562,4,נשיא,0.19682814,1.8278954,false,-16.899931
כורש,II Samuel,II Samuel 20:3,-2,469878,4,כורש,0.37670216,1.8278954,false,-8.0891905
נשיא,Isaiah,Isaiah 53:10,2,631588,4,נשיא,0.23492274,1.8278954,false,-15.033949
נשיא,Isaiah,Isaiah 53:11,2,631628,4,נשיא,0.21941668,1.8278954,false,-15.79348
כורש,Isaiah,Isaiah 55:1,-2,632684,4,כורש,0.3478596,1.8278954,false,-9.501982
כורש,Ezekiel,Ezekiel 22:21,-3,760877,4,כורש,0.30851084,1.8278954,false,-11.429395
כורש,I Kings,I Kings 7:17,-3,491831,4,כורש,0.29685384,1.8278954,false,-12.000388
נשיא,I Kings,I Kings 10:22,-3,501641,4,נשיא,0.23078628,1.8278954,false,-15.236565
נשיא,I Samuel,I Samuel 22:23,-3,421595,4,נשיא,0.22476621,1.8278954,false,-15.531445
כורש,Isaiah,Isaiah 28:22,3,603306,4,כורש,0.34214753,1.8278954,false,-9.7817745
נשיא,Isaiah,Isaiah 30:21,-3,606056,4,נשיא,0.22201067,1.8278954,false,-15.666418
נשיא,Joshua,Joshua 21:16,3,337095,4,נשיא,0.23962063,1.8278954,false,-14.803833
כורש,Joshua,Joshua 22:13,3,339513,4,כורש,0.3264598,1.8278954,false,-10.550204
כורש,Judges,Judges 11:21,3,365715,4,כורש,0.34332183,1.8278954,false,-9.724254
נשיא,Judges,Judges 19:18,-3,378338,4,נשיא,0.25684792,1.8278954,false,-13.959991
כורש,II Kings,II Kings 13:13,4,552440,4,כורש,0.31701294,1.8278954,false,-11.0129385
נשיא,II Samuel,II Samuel 11:23,-4,451492,4,נשיא,0.22366026,1.8278954,false,-15.585617
כורש,Isaiah,Isaiah 51:23,4,630292,4,כורש,0.32282072,1.8278954,false,-10.7284565
נשיא,Jeremiah,Jeremiah 8:14,4,656888,4,נשיא,0.2787116,1.8278954,false,-12.889047
נשיא,Judges,Judges 15:16,-4,371772,4,נשיא,0.27245137,1.8278954,false,-13.19569
נשיא,Judges,Judges 16:30,-4,374164,4,נשיא,0.24942486,1.8278954,false,-14.323594
כורש,Judges,Judges 18:10,4,375800,4,כורש,0.33819383,1.8278954,false,-9.975437
כורש,Obadiah,Obadiah 1:18,4,827236,4,כורש,0.3284115,1.8278954,false,-10.454604
כורש,Ezekiel,Ezekiel 27:17,-5,768619,4,כורש,0.3384518,1.8278954,false,-9.962802
נשיא,Ezekiel,Ezekiel 48:31,-5,804699,4,נשיא,0.2922716,1.8278954,false,-12.224838
כורש,I Kings,I Kings 9:14,5,499450,4,כורש,0.30051804,1.8278954,false,-11.820905
נשיא,I Samuel,I Samuel 9:16,-5,396069,4,נשיא,0.22518183,1.8278954,false,-15.511086
נשיא,I Samuel,I Samuel 14:51,-5,405979,4,נשיא,0.2771336,1.8278954,false,-12.96634
נשיא,I Samuel,I Samuel 15:17,5,407065,4,נשיא,0.22898562,1.8278954,false,-15.324765
נשיא,Isaiah,Isaiah 27:12,-5,602039,4,נשיא,0.24490425,1.8278954,false,-14.545026
כורש,Isaiah,Isaiah 59:8,-5,636394,4,כורש,0.37106296,1.8278954,false,-8.365415
נשיא,Haggai,Haggai 2:21,6,845748,4,נשיא,0.23517223,1.8278954,false,-15.0217285
כורש,II Kings,II Kings 18:31,-6,563720,4,כורש,0.35975757,1.8278954,false,-8.919185
נשיא,II Samuel,II Samuel 18:3,6,464496,4,נשיא,0.21709931,1.8278954,false,-15.906991
כורש,Isaiah,Isaiah 1:5,6,577338,4,כורש,0.348569,1.8278954,false,-9.467232
כורש,Joshua,Joshua 11:11,6,323058,4,כורש,0.31244683,1.8278954,false,-11.236599
נשיא,II Kings,II Kings 1:14,-7,530008,4,נשיא,0.2872916,1.8278954,false,-12.468774
נשיא,II Kings,II Kings 5:14,-7,537267,4,נשיא,0.25960976,1.8278954,false,-13.824709
נשיא,II Samuel,II Samuel 13:6,-7,454107,4,נשיא,0.2709413,1.8278954,false,-13.269658
נשיא,II Samuel,II Samuel 18:32,-7,466553,4,נשיא,0.21551165,1.8278954,false,-15.984759
כורש,Jeremiah,Jeremiah 29:1,-7,685996,4,כורש,0.39240944,1.8278954,false,-7.319803
כורש,Isaiah,Isaiah 52:15,-8,631032,4,כורש,0.39870855,1.8278954,false,-7.011255
נשיא,Ezekiel,Ezekiel 40:27,-9,790358,4,נשיא,0.27097234,1.8278954,false,-13.268137
נשיא,II Kings,II Kings 8:21,-9,543335,4,נשיא,0.1755363,1.8278954,false,-17.942865
נשיא,II Samuel,II Samuel 4:8,9,441981,4,נשיא,0.19184083,1.8278954,false,-17.144222
נשיא,II Samuel,II Samuel 4:12,9,442332,4,נשיא,0.23359935,1.8278954,false,-15.098772
נשיא,Jeremiah,Jeremiah 5:1,9,650583,4,נשיא,0.24962822,1.8278954,false,-14.313633
כורש,Ezekiel,Ezekiel 43:11,10,795270,4,כורש,0.29435152,1.8278954,false,-12.122958
נשיא,I Kings,I Kings 14:5,-11,509529,4,נשיא,0.22100887,1.8278954,false,-15.715489
נשיא,II Samuel,II Samuel 12:5,-11,452065,4,נשיא,0.22877766,1.8278954,false,-15.334952
כורש,Ezekiel,Ezekiel 4:9,12,734052,4,כורש,0.31999052,1.8278954,false,-10.867087
נשיא,I Kings,I Kings 7:14,12,491556,4,נשיא,0.23182274,1.8278954,false,-15.185796
נשיא,I Kings,I Kings 8:9,12,494652,4,נשיא,0.25273845,1.8278954,false,-14.161285
כורש,I Kings,I Kings 20:1,12,521076,4,כורש,0.3488158,1.8278954,false,-9.455144
נשיא,Zechariah,Zechariah 8:10,12,852024,4,נשיא,0.2316517,1.8278954,false,-15.194174
נשיא,Jeremiah,Jeremiah 42:3,13,709566,4,נשיא,0.2153933,1.8278954,false,-15.990556
כורש,II Kings,II Kings 14:15,14,554288,4,כורש,0.3082344,1.8278954,false,-11.442936
נשיא,Judges,Judges 6:9,-14,353790,4,נשיא,0.20497781,1.8278954,false,-16.500736
נשיא,Jeremiah,Jeremiah 25:31,15,681030,4,נשיא,0.2868557,1.8278954,false,-12.490125
כורש,I Kings,I Kings 12:3,-16,504856,4,כורש,0.33592176,1.8278954,false,-10.08673
כורש,Isaiah,Isaiah 35:9,16,610592,4,כורש,0.3361981,1.8278954,false,-10.0731945
כורש,Jeremiah,Jeremiah 36:23,16,701040,4,כורש,0.2925732,1.8278954,false,-12.210065
נשיא,Isaiah,Isaiah 13:2,-17,589600,4,נשיא,0.3479729,1.8278954,false,-9.496431
נשיא,Joshua,Joshua 22:21,17,340051,4,נשיא,0.25877726,1.8278954,false,-13.865487
נשיא,Isaiah,Isaiah 63:17,18,640638,4,נשיא,0.23730524,1.8278954,false,-14.917247
נשיא,Joshua,Joshua 9:10,18,318258,4,נשיא,0.24443266,1.8278954,false,-14.568126
כורש,Isaiah,Isaiah 49:4,20,627020,4,כורש,0.3266858,1.8278954,false,-10.539134
נשיא,I Samuel,I Samuel 25:18,21,425901,4,נשיא,0.26785654,1.8278954,false,-13.420758
כורש,Isaiah,Isaiah 38:12,-22,615030,4,כורש,0.34609377,1.8278954,false,-9.588476
נשיא,Zechariah,Zechariah 7:3,22,850828,4,נשיא,0.2774123,1.8278954,false,-12.95269
נשיא,I Kings,I Kings 9:3,23,498617,4,נשיא,0.2427554,1.8278954,false,-14.650283
כורש,I Samuel,I Samuel 6:8,24,391632,4,כורש,0.2801806,1.8278954,false,-12.81709
נשיא,Ezekiel,Ezekiel 44:17,-26,797390,4,נשיא,0.23680738,1.8278954,false,-14.941634
כורש,Isaiah,Isaiah 59:21,-26,637152,4,כורש,0.34521368,1.8278954,false,-9.631585
נשיא,Ezekiel,Ezekiel 12:11,28,743344,4,נשיא,0.24108191,1.8278954,false,-14.732255
כורש,I Kings,I Kings 19:2,28,519736,4,כורש,0.34712982,1.8278954,false,-9.537727
נשיא,Jeremiah,Jeremiah 44:25,-28,713940,4,נשיא,0.28876215,1.8278954,false,-12.396742
נשיא,I Samuel,I Samuel 17:5,-29,409753,4,נשיא,0.24627626,1.8278954,false,-14.477821
נשיא,II Kings,II Kings 7:15,29,541517,4,נשיא,0.20555533,1.8278954,false,-16.472448
נשיא,Isaiah,Isaiah 32:6,30,607620,4,נשיא,0.2820147,1.8278954,false,-12.727251
נשיא,Ezekiel,Ezekiel 48:13,-31,803538,4,נשיא,0.24526083,1.8278954,false,-14.527559
נשיא,II Kings,II Kings 22:2,-32,569448,4,נשיא,0.23523153,1.8278954,false,-15.018824
נשיא,II Samuel,II Samuel 13:6,-33,454133,4,נשיא,0.2709413,1.8278954,false,-13.269658
נשיא,Habakkuk,Habakkuk 2:5,34,838950,4,נשיא,0.23652473,1.8278954,false,-14.955479
נשיא,Joshua,Joshua 11:19,-34,323584,4,נשיא,0.21953504,1.8278954,false,-15.787683
כורש,I Samuel,I Samuel 14:19,36,403956,4,כורש,0.29404184,1.8278954,false,-12.138127
נשיא,Ezekiel,Ezekiel 8:2,37,738113,4,נשיא,0.264051,1.8278954,false,-13.607164
נשיא,Ezekiel,Ezekiel 43:11,-40,795144,4,נשיא,0.27424768,1.8278954,false,-13.107702
כורש,Joshua,Joshua 15:55,-40,329704,4,כורש,0.42533576,1.8278954,false,-5.7069783
נשיא,Judges,Judges 3:9,-43,348826,4,נשיא,0.23775306,1.8278954,false,-14.895311
נשיא,Jeremiah,Jeremiah 7:24,44,655336,4,נשיא,0.19914412,1.8278954,false,-16.786488
נשיא,I Samuel,I Samuel 30:23,45,434295,4,נשיא,0.27146024,1.8278954,false,-13.244239
כורש,Isaiah,Isaiah 8:19,-45,585464,4,כורש,0.29594886,1.8278954,false,-12.044716
נשיא,II Samuel,II Samuel 7:8,46,445648,4,נשיא,0.22750103,1.8278954,false,-15.397485
נשיא,I Samuel,I Samuel 18:5,-47,413425,4,נשיא,0.2152567,1.8278954,false,-15.997247
כורש,Isaiah,Isaiah 29:21,-48,604760,4,כורש,0.30738032,1.8278954,false,-11.484771
נשיא,Isaiah,Isaiah 28:7,-49,602514,4,נשיא,0.29082987,1.8278954,false,-12.295459
כורש,Jeremiah,Jeremiah 4:27,50,650250,4,כורש,0.35308883,1.8278954,false,-9.245838
נשיא,Judges,Judges 15:13,-50,371564,4,נשיא,0.26206008,1.8278954,false,-13.704685
נשיא,Ezekiel,Ezekiel 46:21,-51,801182,4,נשיא,0.21088333,1.8278954,false,-16.211468
נשיא,I Samuel,I Samuel 10:9,-52,397536,4,נשיא,0.22752747,1.8278954,false,-15.39619
כורש,Ezekiel,Ezekiel 3:10,54,732456,4,כורש,0.36319968,1.8278954,false,-8.75058
נשיא,Jeremiah,Jeremiah 6:10,54,652752,4,נשיא,0.2351867,1.8278954,false,-15.02102
נשיא,Jeremiah,Jeremiah 9:6,-54,657626,4,נשיא,0.24488541,1.8278954,false,-14.545949
כורש,Ezekiel,Ezekiel 32:25,55,776215,4,כורש,0.3909883,1.8278954,false,-7.3894153
נשיא,Jeremiah,Jeremiah 7:31,-55,655719,4,נשיא,0.23998554,1.8278954,false,-14.785958
נשיא,II Kings,II Kings 6:25,57,539676,4,נשיא,0.2406444,1.8278954,false,-14.753686
כורש,Joel,Joel 1:5,62,814556,4,כורש,0.34632382,1.8278954,false,-9.577208
נשיא,II Samuel,II Samuel 22:3,-64,473160,4,נשיא,0.30228698,1.8278954,false,-11.734257
כורש,II Samuel,II Samuel 3:34,-67,441127,4,כורש,0.32093516,1.8278954,false,-10.820816
נשיא,II Samuel,II Samuel 2:9,-69,437498,4,נשיא,0.24373415,1.8278954,false,-14.602341
כורש,II Samuel,II Samuel 12:10,-69,452402,4,כורש,0.32456005,1.8278954,false,-10.643259
כורש,II Kings,II Kings 6:19,70,539280,4,כורש,0.32073814,1.8278954,false,-10.830467
נשיא,Joshua,Joshua 2:18,-71,307108,4,נשיא,0.22029725,1.8278954,false,-15.750347
כורש,Ezekiel,Ezekiel 22:27,75,761175,4,כורש,0.33298132,1.8278954,false,-10.230762
נשיא,I Kings,I Kings 1:38,-77,480280,4,נשיא,0.20985982,1.8278954,false,-16.261602
כורש,I Samuel,I Samuel 19:24,-77,416447,4,כורש,0.29860303,1.8278954,false,-11.914707
כורש,Jeremiah,Jeremiah 24:7,80,678800,4,כורש,0.28796348,1.8278954,false,-12.435863
כורש,Joshua,Joshua 2:19,-80,307224,4,כורש,0.27871066,1.8278954,false,-12.889092
נשיא,II Kings,II Kings 1:2,83,529042,4,נשיא,0.24025542,1.8278954,false,-14.772739
נשיא,II Kings,II Kings 6:24,84,539616,4,נשיא,0.25664955,1.8278954,false,-13.9697075
כורש,Isaiah,Isaiah 60:7,-87,637490,4,כורש,0.35383406,1.8278954,false,-9.209334
כורש,I Samuel,I Samuel 20:3,102,416670,4,כורש,0.34204686,1.8278954,false,-9.786706
נשיא,I Samuel,I Samuel 26:23,103,429304,4,נשיא,0.22215927,1.8278954,false,-15.65914
נשיא,Isaiah,Isaiah 66:11,103,643338,4,נשיא,0.24867345,1.8278954,false,-14.3604
כורש,Ezekiel,Ezekiel 44:5,104,796536,4,כורש,0.36662707,1.8278954,false,-8.582697
כורש,Judges,Judges 21:21,-106,383510,4,כורש,0.34999514,1.8278954,false,-9.397376
נשיא,Joshua,Joshua 7:19,109,314683,4,נשיא,0.24984454,1.8278954,false,-14.303037
נשיא,Habakkuk,Habakkuk 1:2,-114,838004,4,נשיא,0.26582447,1.8278954,false,-13.520294
כורש,II Samuel,II Samuel 14:22,116,457736,4,כורש,0.30214354,1.8278954,false,-11.741283
נשיא,Zechariah,Zechariah 3:9,-116,848436,4,נשיא,0.2670859,1.8278954,false,-13.458506
כורש,Judges,Judges 6:14,-119,354133,4,כורש,0.34053063,1.8278954,false,-9.860974
נשיא,Ezekiel,Ezekiel 12:20,-120,743864,4,נשיא,0.2973097,1.8278954,false,-11.978059
כורש,Jeremiah,Jeremiah 52:8,-121,727945,4,כורש,0.32132202,1.8278954,false,-10.801867
נשיא,Joshua,Joshua 14:5,123,326934,4,נשיא,0.20871295,1.8278954,false,-16.31778
כורש,I Samuel,I Samuel 2:14,126,386064,4,כורש,0.3136816,1.8278954,false,-11.176116
כורש,Isaiah,Isaiah 50:7,126,628740,4,כורש,0.33543566,1.8278954,false,-10.11054
נשיא,Jeremiah,Jeremiah 51:51,-128,726664,4,נשיא,0.25297123,1.8278954,false,-14.149882
נשיא,Ezekiel,Ezekiel 46:14,-132,800732,4,נשיא,0.20322315,1.8278954,false,-16.586685
נשיא,Micah,Micah 2:3,132,831072,4,נשיא,0.23691355,1.8278954,false,-14.936434
כורש,I Samuel,I Samuel 17:57,-137,413059,4,כורש,0.31741953,1.8278954,false,-10.993022
נשיא,Ezekiel,Ezekiel 39:5,141,787203,4,נשיא,0.25310156,1.8278954,false,-14.143498
כורש,Jeremiah,Jeremiah 22:25,143,675675,4,כורש,0.35148844,1.8278954,false,-9.32423
נשיא,Joshua,Joshua 22:31,145,340895,4,נשיא,0.25102353,1.8278954,false,-14.245286
נשיא,Joshua,Joshua 8:11,-147,315962,4,נשיא,0.25406325,1.8278954,false,-14.096393
נשיא,Ezekiel,Ezekiel 6:13,148,736448,4,נשיא,0.23788425,1.8278954,false,-14.8888855
כורש,II Samuel,II Samuel 19:27,-152,468416,4,כורש,0.32344973,1.8278954,false,-10.697645
נשיא,Jeremiah,Jeremiah 31:40,152,691752,4,נשיא,0.25822124,1.8278954,false,-13.892722
כורש,I Kings,I Kings 10:9,157,500830,4,כורש,0.3008473,1.8278954,false,-11.804777
נשיא,Isaiah,Isaiah 49:25,162,628236,4,נשיא,0.23338243,1.8278954,false,-15.109397
נשיא,Joshua,Joshua 22:31,168,340872,4,נשיא,0.25102353,1.8278954,false,-14.245286
כורש,Isaiah,Isaiah 3:14,170,580210,4,כורש,0.32767057,1.8278954,false,-10.490896
נשיא,Jeremiah,Jeremiah 15:12,-176,666136,4,נשיא,0.25301093,1.8278954,false,-14.147938
נשיא,Isaiah,Isaiah 63:14,-183,640436,4,נשיא,0.25950807,1.8278954,false,-13.829689
כורש,Isaiah,Isaiah 35:2,188,610248,4,כורש,0.39989024,1.8278954,false,-6.9533725
נשיא,I Samuel,I Samuel 11:11,-193,399436,4,נשיא,0.23107013,1.8278954,false,-15.22266
נשיא,I Kings,I Kings 10:5,-199,500511,4,נשיא,0.23848748,1.8278954,false,-14.859338
כורש,Jeremiah,Jeremiah 1:15,200,645000,4,כורש,0.35406667,1.8278954,false,-9.197941
נשיא,Jeremiah,Jeremiah 20:7,200,672600,4,נשיא,0.19957304,1.8278954,false,-16.765478
כורש,I Samuel,I Samuel 10:24,203,398489,4,כורש,0.30287704,1.8278954,false,-11.705355
נשיא,I Kings,I Kings 7:48,-213,493838,4,נשיא,0.2373702,1.8278954,false,-14.914065
נשיא,II Samuel,II Samuel 14:16,-215,457229,4,נשיא,0.1863767,1.8278954,false,-17.411871
נשיא,I Kings,I Kings 2:30,-219,483248,4,נשיא,0.2126056,1.8278954,false,-16.127106
נשיא,Ezekiel,Ezekiel 16:55,-220,750704,4,נשיא,0.22892162,1.8278954,false,-15.327901
נשיא,I Kings,I Kings 21:7,-237,524456,4,נשיא,0.21976213,1.8278954,false,-15.776559
כורש,Isaiah,Isaiah 8:19,-240,585464,4,כורש,0.29594886,1.8278954,false,-12.044716
כורש,Ezekiel,Ezekiel 29:10,-244,771464,4,כורש,0.35599437,1.8278954,false,-9.103517
כורש,Isaiah,Isaiah 57:2,273,634179,4,כורש,0.4109512,1.8278954,false,-6.4115753
נשיא,Hosea,Hosea 10:7,296,811632,4,נשיא,0.2887309,1.8278954,false,-12.3982725
נשיא,Judges,Judges 17:2,-296,374456,4,נשיא,0.26884037,1.8278954,false,-13.372567
נשיא,Joshua,Joshua 22:27,317,340458,4,נשיא,0.32264447,1.8278954,false,-10.737089
נשיא,II Kings,II Kings 25:20,-329,576327,4,נשיא,0.21519732,1.8278954,false,-16.000156
כורש,II Kings,II Kings 6:25,-333,539735,4,כורש,0.34438962,1.8278954,false,-9.67195
כורש,II Samuel,II Samuel 2:7,353,437367,4,כורש,0.3221436,1.8278954,false,-10.761622
כורש,II Samuel,II Samuel 17:3,365,462455,4,כורש,0.26207846,1.8278954,false,-13.703784
נשיא,Jeremiah,Jeremiah 5:12,-371,651213,4,נשיא,0.2550345,1.8278954,false,-14.048818
נשיא,II Kings,II Kings 16:15,372,558372,4,נשיא,0.28814793,1.8278954,false,-12.426828
נשיא,Ezekiel,Ezekiel 22:25,376,761024,4,נשיא,0.24682891,1.8278954,false,-14.45075
כורש,I Samuel,I Samuel 26:4,378,427896,4,כורש,0.35945117,1.8278954,false,-8.934193
כורש,Zechariah,Zechariah 5:9,-394,849708,4,כורש,0.31560257,1.8278954,false,-11.082022
נשיא,I Kings,I Kings 20:23,414,522468,4,נשיא,0.2226183,1.8278954,false,-15.636656
נשיא,I Kings,I Kings 16:8,-429,513665,4,נשיא,0.2254979,1.8278954,false,-15.4956045
כורש,I Kings,I Kings 22:53,431,528837,4,כורש,0.34155858,1.8278954,false,-9.810623
כורש,II Kings,II Kings 25:4,-457,575320,4,כורש,0.34697038,1.8278954,false,-9.545537
נשיא,II Kings,II Kings 18:22,468,563004,4,נשיא,0.22574523,1.8278954,false,-15.483489
כורש,I Kings,I Kings 11:11,472,502680,4,כורש,0.3258474,1.8278954,false,-10.580201
נשיא,I Samuel,I Samuel 7:11,481,393458,4,נשיא,0.27978206,1.8278954,false,-12.836612
נשיא,II Kings,II Kings 15:19,-516,556172,4,נשיא,0.2582183,1.8278954,false,-13.892867
כורש,I Kings,I Kings 16:7,535,513600,4,כורש,0.34602773,1.8278954,false,-9.591711
כורש,Joel,Joel 1:13,-563,814975,4,כורש,0.3561108,1.8278954,false,-9.097814
נשיא,Isaiah,Isaiah 55:7,-612,632984,4,נשיא,0.24647968,1.8278954,false,-14.467857
נשיא,II Samuel,II Samuel 19:7,-680,467064,4,נשיא,0.21545392,1.8278954,false,-15.987587
כורש,Jeremiah,Jeremiah 21:7,701,673661,4,כורש,0.28911692,1.8278954,false,-12.379364
נשיא,Isaiah,Isaiah 60:5,-716,637396,4,נשיא,0.23721465,1.8278954,false,-14.921684
נשיא,Joshua,Joshua 18:20,-724,333212,4,נשיא,0.27759114,1.8278954,false,-12.94393
כורש,Judges,Judges 2:1,759,346863,4,כורש,0.32455716,1.8278954,false,-10.643401
נשיא,I Kings,I Kings 8:64,-824,498192,4,נשיא,0.23256426,1.8278954,false,-15.149474
נשיא,Joshua,Joshua 2:4,885,306210,4,נשיא,0.21905038,1.8278954,false,-15.811422
נשיא,Jeremiah,Jeremiah 18:20,-897,670718,4,נשיא,0.25544792,1.8278954,false,-14.028567
כורש,Joshua,Joshua 7:15,933,314421,4,כורש,0.3331244,1.8278954,false,-10.223753
נשיא,Judges,Judges 1:13,965,345470,4,נשיא,0.27376708,1.8278954,false,-13.131243
כורש,I Kings,I Kings 16:7,-991,513642,4,כורש,0.34602773,1.8278954,false,-9.591711
נשיא,Jeremiah,Jeremiah 31:8,-1017,689720,4,נשיא,0.25163227,1.8278954,false,-14.215468
נשיא,II Kings,II Kings 22:16,1039,570411,4,נשיא,0.22161591,1.8278954,false,-15.685755
כורש,I Kings,I Kings 8:32,1040,496080,4,כורש,0.32707942,1.8278954,false,-10.519854
נשיא,Malachi,Malachi 2:5,-1066,859608,4,נשיא,0.23840466,1.8278954,false,-14.863395
כורש,Ezekiel,Ezekiel 26:5,-1069,766764,4,כורש,0.31751508,1.8278954,false,-10.988342
נשיא,Jeremiah,Jeremiah 45:1,1127,714518,4,נשיא,0.3106624,1.8278954,false,-11.324006
כורש,Ezekiel,Ezekiel 10:11,1189,740747,4,כורש,0.34376675,1.8278954,false,-9.70246
נשיא,I Samuel,I Samuel 28:22,1196,431756,4,נשיא,0.23804595,1.8278954,false,-14.880965
נשיא,II Kings,II Kings 4:5,-1205,534019,4,נשיא,0.22976303,1.8278954,false,-15.286686
כורש,II Kings,II Kings 19:23,-1234,565520,4,כורש,0.39468533,1.8278954,false,-7.208324
נשיא,II Samuel,II Samuel 22:23,-1248,473768,4,נשיא,0.3029793,1.8278954,false,-11.700346
כורש,I Samuel,I Samuel 14:41,-1258,405388,4,כורש,0.31555283,1.8278954,false,-11.084458
נשיא,I Kings,I Kings 15:19,1287,512226,4,נשיא,0.23909514,1.8278954,false,-14.829573
נשיא,Judges,Judges 10:17,-1298,364296,4,נשיא,0.29502603,1.8278954,false,-12.089919
נשיא,II Samuel,II Samuel 10:10,1303,449535,4,נשיא,0.20283738,1.8278954,false,-16.605581
נשיא,I Samuel,I Samuel 9:24,1331,396638,4,נשיא,0.29286513,1.8278954,false,-12.195766
נשיא,Joshua,Joshua 18:19,1394,333166,4,נשיא,0.29230353,1.8278954,false,-12.223275
נשיא,II Kings,II Kings 3:19,1418,533168,4,נשיא,0.20714074,1.8278954,false,-16.39479
כורש,Jeremiah,Jeremiah 27:20,1466,684622,4,כורש,0.31313825,1.8278954,false,-11.202731
נשיא,Ezekiel,Ezekiel 33:24,1485,778140,4,נשיא,0.23782976,1.8278954,false,-14.891555
כורש,Isaiah,Isaiah 8:12,-1618,585162,4,כורש,0.33446723,1.8278954,false,-10.157977
כורש,Jeremiah,Jeremiah 23:36,1626,678042,4,כורש,0.30902314,1.8278954,false,-11.404301
כורש,II Kings,II Kings 9:16,-1674,544874,4,כורש,0.3649777,1.8278954,false,-8.663488
כורש,Habakkuk,Habakkuk 2:3,1755,838890,4,כורש,0.38346487,1.8278954,false,-7.7579336
נשיא,Isaiah,Isaiah 32:3,-1824,607496,4,נשיא,0.24362186,1.8278954,false,-14.6078415
נשיא,Isaiah,Isaiah 61:2,-1824,638504,4,נשיא,0.26681697,1.8278954,false,-13.471679
נשיא,I Samuel,I Samuel 22:6,1828,420440,4,נשיא,0.23701523,1.8278954,false,-14.931453
כורש,Isaiah,Isaiah 30:29,-1848,606560,4,כורש,0.31675535,1.8278954,false,-11.025555
נשיא,I Samuel,I Samuel 19:7,1854,415296,4,נשיא,0.22837472,1.8278954,false,-15.35469
נשיא,Judges,Judges 6:10,-1887,353810,4,נשיא,0.249829,1.8278954,false,-14.303798
נשיא,I Kings,I Kings 16:7,1938,513570,4,נשיא,0.23147279,1.8278954,false,-15.202937
נשיא,II Samuel,II Samuel 19:33,1978,468786,4,נשיא,0.25242567,1.8278954,false,-14.176605
נשיא,I Kings,I Kings 17:5,1983,515580,4,נשיא,0.27060091,1.8278954,false,-13.28633
נשיא,Jeremiah,Jeremiah 5:27,-2085,652049,4,נשיא,0.22679989,1.8278954,false,-15.431829
כורש,Isaiah,Isaiah 59:16,-2180,636844,4,כורש,0.35917664,1.8278954,false,-8.94764
נשיא,Jeremiah,Jeremiah 9:25,2233,658735,4,נשיא,0.2324217,1.8278954,false,-15.156457
נשיא,Joshua,Joshua 3:14,2285,308475,4,נשיא,0.22345431,1.8278954,false,-15.595705
נשיא,Judges,Judges 11:23,-2357,365831,4,נשיא,0.21779649,1.8278954,false,-15.872841
כורש,Jeremiah,Jeremiah 42:18,2520,710640,4,כורש,0.3672113,1.8278954,false,-8.554079
נשיא,II Samuel,II Samuel 4:12,-2569,442368,4,נשיא,0.23359935,1.8278954,false,-15.098772
נשיא,Joshua,Joshua 19:33,2657,334782,4,נשיא,0.23815398,1.8278954,false,-14.875673
כורש,Isaiah,Isaiah 39:2,-2962,615688,4,כורש,0.3263314,1.8278954,false,-10.556493
כורש,I Kings,I Kings 11:21,-3005,503269,4,כורש,0.3344542,1.8278954,false,-10.158615
כורש,Judges,Judges 18:3,3128,375360,4,כורש,0.28153312,1.8278954,false,-12.75084
נשיא,I Samuel,I Samuel 30:19,3338,433940,4,נשיא,0.24771464,1.8278954,false,-14.407365
כורש,Judges,Judges 18:6,-3363,375506,4,כורש,0.32458028,1.8278954,false,-10.642268
נשיא,II Kings,II Kings 15:38,-3387,557381,4,נשיא,0.21729948,1.8278954,false,-15.897186
כורש,II Kings,II Kings 18:23,3413,563145,4,כורש,0.36157858,1.8278954,false,-8.829987
כורש,I Samuel,I Samuel 2:14,-3620,386064,4,כורש,0.3136816,1.8278954,false,-11.176116
נשיא,I Kings,I Kings 16:12,-3654,513950,4,נשיא,0.22240001,1.8278954,false,-15.647347
כורש,II Kings,II Kings 25:14,-3704,575888,4,כורש,0.3283317,1.8278954,false,-10.458512
נשיא,Haggai,Haggai 2:15,3708,845424,4,נשיא,0.19002394,1.8278954,false,-17.23322
כורש,Ezekiel,Ezekiel 27:17,3731,768586,4,כורש,0.3384518,1.8278954,false,-9.962802
נשיא,Jeremiah,Jeremiah 49:3,3746,719232,4,נשיא,0.25916362,1.8278954,false,-13.846561
נשיא,Joshua,Joshua 3:15,3809,308529,4,נשיא,0.24275787,1.8278954,false,-14.650162
נשיא,II Kings,II Kings 15:17,-3895,556044,4,נשיא,0.22917253,1.8278954,false,-15.315611
נשיא,II Samuel,II Samuel 12:14,-4038,452642,4,נשיא,0.24670337,1.8278954,false,-14.4569
נשיא,Amos,Amos 6:3,4199,823004,4,נשיא,0.2547728,1.8278954,false,-14.061636
כורש,Judges,Judges 9:48,-4213,362789,4,כורש,0.3614769,1.8278954,false,-8.834967
נשיא,Judges,Judges 5:11,4244,352252,4,נשיא,0.26133367,1.8278954,false,-13.740266
כורש,Isaiah,Isaiah 55:12,4398,633312,4,כורש,0.3314702,1.8278954,false,-10.304781
נשיא,I Kings,I Kings 1:8,4472,478504,4,נשיא,0.24596772,1.8278954,false,-14.492934
נשיא,Zephaniah,Zephaniah 1:10,-4496,841144,4,נשיא,0.27382308,1.8278954,false,-13.1285
כורש,Jeremiah,Jeremiah 25:26,-4709,680652,4,כורש,0.3239591,1.8278954,false,-10.672694
כורש,Hosea,Hosea 5:1,4897,808005,4,כורש,0.38616255,1.8278954,false,-7.625794
כורש,Ezekiel,Ezekiel 38:12,-4985,786144,4,כורש,0.3162672,1.8278954,false,-11.049467
כורש,Judges,Judges 5:27,5043,353010,4,כורש,0.34065378,1.8278954,false,-9.854942
כורש,Ezekiel,Ezekiel 36:11,-5046,782084,4,כורש,0.29244128,1.8278954,false,-12.216528
נשיא,Ezekiel,Ezekiel 22:3,5135,759980,4,נשיא,0.24088612,1.8278954,false,-14.741845
נשיא,Isaiah,Isaiah 66:11,5406,643314,4,נשיא,0.24867345,1.8278954,false,-14.3604
כורש,Isaiah,Isaiah 15:7,-5489,592370,4,כורש,0.3669716,1.8278954,false,-8.565821
כורש,Haggai,Haggai 2:19,-5835,845684,4,כורש,0.3018765,1.8278954,false,-11.754364
נשיא,Ezekiel,Ezekiel 27:23,5869,768839,4,נשיא,0.20145646,1.8278954,false,-16.673222
כורש,Isaiah,Isaiah 45:14,-6078,623738,4,כורש,0.39114615,1.8278954,false,-7.381683
נשיא,I Kings,I Kings 1:2,-6687,478211,4,נשיא,0.21753685,1.8278954,false,-15.885559
נשיא,II Kings,II Kings 9:9,-6755,544379,4,נשיא,0.21996073,1.8278954,false,-15.76683
נשיא,II Kings,II Kings 7:5,-6839,540669,4,נשיא,0.28681335,1.8278954,false,-12.4922
נשיא,Joshua,Joshua 24:5,7141,342768,4,נשיא,0.24527657,1.8278954,false,-14.526789
נשיא,Judges,Judges 1:10,7194,345312,4,נשיא,0.25117123,1.8278954,false,-14.238051
נשיא,Jeremiah,Jeremiah 51:10,-7759,724501,4,נשיא,0.2228471,1.8278954,false,-15.625447
נשיא,I Kings,I Kings 12:6,-7987,505004,4,נשיא,0.2121869,1.8278954,false,-16.147615
כורש,Ezekiel,Ezekiel 12:11,-8049,743363,4,כורש,0.30369085,1.8278954,false,-11.665491
כורש,Isaiah,Isaiah 25:3,8220,600060,4,כורש,0.3648076,1.8278954,false,-8.67182
נשיא,Ezekiel,Ezekiel 26:21,-8274,767756,4,נשיא,0.2329422,1.8278954,false,-15.130961
נשיא,II Kings,II Kings 23:10,-8309,571679,4,נשיא,0.23314318,1.8278954,false,-15.121117
נשיא,Ezekiel,Ezekiel 38:16,-8378,786500,4,נשיא,0.20700698,1.8278954,false,-16.401342
כורש,Ezekiel,Ezekiel 39:19,8384,788096,4,כורש,0.39450103,1.8278954,false,-7.2173514
נשיא,Jeremiah,Jeremiah 2:25,-8416,646600,4,נשיא,0.26336783,1.8278954,false,-13.640628
כורש,Jeremiah,Jeremiah 12:16,-8650,662464,4,כורש,0.35154483,1.8278954,false,-9.321468
נשיא,II Samuel,II Samuel 18:22,8790,465870,4,נשיא,0.24609554,1.8278954,false,-14.486673
כורש,II Kings,II Kings 7:18,-8923,541753,4,כורש,0.27088356,1.8278954,false,-13.272486
כורש,Isaiah,Isaiah 5:17,-9257,581885,4,כורש,0.34919652,1.8278954,false,-9.436495
כורש,II Kings,II Kings 5:17,-9431,537445,4,כורש,0.30453855,1.8278954,false,-11.623969
נשיא,I Samuel,I Samuel 9:9,10145,395655,4,נשיא,0.22415748,1.8278954,false,-15.561262
נשיא,Jeremiah,Jeremiah 40:10,-10209,707375,4,נשיא,0.18265757,1.8278954,false,-17.594046
נשיא,II Samuel,II Samuel 2:17,-10236,437972,4,נשיא,0.26070386,1.8278954,false,-13.771116
כורש,Jonah,Jonah 2:5,10903,828628,4,כורש,0.36010972,1.8278954,false,-8.901936
נשיא,Judges,Judges 6:9,11793,353790,4,נשיא,0.20497781,1.8278954,false,-16.500736
נשיא,Ezekiel,Ezekiel 23:37,-13401,763376,4,נשיא,0.27491218,1.8278954,false,-13.075152
נשיא,I Kings,I Kings 2:37,13437,483732,4,נשיא,0.20217477,1.8278954,false,-16.638037
כורש,I Kings,I Kings 8:23,-13783,495449,4,כורש,0.35029566,1.8278954,false,-9.382655
נשיא,Micah,Micah 4:14,-13868,833224,4,נשיא,0.2398406,1.8278954,false,-14.793058
נשיא,I Samuel,I Samuel 1:26,14268,385236,4,נשיא,0.2636728,1.8278954,false,-13.6256895
נשיא,Micah,Micah 3:5,-14425,831939,4,נשיא,0.1940803,1.8278954,false,-17.034527
נשיא,I Samuel,I Samuel 20:23,-14662,417816,4,נשיא,0.25145835,1.8278954,false,-14.223988
נשיא,Jeremiah,Jeremiah 52:8,-14996,727988,4,נשיא,0.17411605,1.8278954,false,-18.012434
נשיא,Jeremiah,Jeremiah 28:5,15933,685119,4,נשיא,0.20372364,1.8278954,false,-16.56217
נשיא,Ezekiel,Ezekiel 39:1,-16051,786992,4,נשיא,0.2519339,1.8278954,false,-14.200694
כורש,Judges,Judges 9:29,-16132,361728,4,כורש,0.35133213,1.8278954,false,-9.331886
כורש,Judges,Judges 17:4,17026,374572,4,כורש,0.2941242,1.8278954,false,-12.134094
נשיא,Hosea,Hosea 7:16,17231,809857,4,נשיא,0.19624783,1.8278954,false,-16.928356
כורש,I Samuel,I Samuel 22:11,17533,420792,4,כורש,0.35396665,1.8278954,false,-9.20284
נשיא,I Kings,I Kings 7:39,17617,493276,4,נשיא,0.2094666,1.8278954,false,-16.280863
כורש,Isaiah,Isaiah 15:5,-17768,592296,4,כורש,0.3398979,1.8278954,false,-9.891968
כורש,Jeremiah,Jeremiah 9:20,17795,658415,4,כורש,0.2965295,1.8278954,false,-12.016274
כורש,II Kings,II Kings 14:10,-17805,553874,4,כורש,0.31715584,1.8278954,false,-11.005939
נשיא,Jeremiah,Jeremiah 51:9,18111,724440,4,נשיא,0.22403526,1.8278954,false,-15.567248
נשיא,Jeremiah,Jeremiah 51:15,-19965,724799,4,נשיא,0.23493066,1.8278954,false,-15.033561
נשיא,Isaiah,Isaiah 29:12,20838,604302,4,נשיא,0.2553457,1.8278954,false,-14.033574
כורש,Isaiah,Isaiah 60:17,-21041,638122,4,כורש,0.33442014,1.8278954,false,-10.160283
נשיא,I Kings,I Kings 14:2,21222,509328,4,נשיא,0.2175198,1.8278954,false,-15.886394
כורש,Haggai,Haggai 2:23,21690,845910,4,כורש,0.3356468,1.8278954,false,-10.100198
כורש,Jeremiah,Jeremiah 21:7,21731,673661,4,כורש,0.28911692,1.8278954,false,-12.379364
כורש,Jeremiah,Jeremiah 2:26,-22345,646654,4,כורש,0.37623987,1.8278954,false,-8.111835
כורש,I Samuel,I Samuel 2:28,-22879,386892,4,כורש,0.33094877,1.8278954,false,-10.330321
נשיא,Ezekiel,Ezekiel 16:37,23423,749536,4,נשיא,0.22711177,1.8278954,false,-15.416553
כורש,II Kings,II Kings 18:17,23446,562704,4,כורש,0.37847877,1.8278954,false,-8.002168
נשיא,Ezekiel,Ezekiel 17:3,23476,751232,4,נשיא,0.28016484,1.8278954,false,-12.8178625
נשיא,II Samuel,II Samuel 21:4,26202,471636,4,נשיא,0.27329433,1.8278954,false,-13.1544
כורש,Judges,Judges 15:8,26517,371238,4,כורש,0.39287174,1.8278954,false,-7.2971587
כורש,Jeremiah,Jeremiah 2:33,-26992,647048,4,כורש,0.35940784,1.8278954,false,-8.936316
נשיא,Jeremiah,Jeremiah 25:12,27194,679850,4,נשיא,0.22266328,1.8278954,false,-15.634452
נשיא,Judges,Judges 9:31,-27256,361816,4,נשיא,0.2218887,1.8278954,false,-15.672393
נשיא,Jeremiah,Jeremiah 49:30,28829,720725,4,נשיא,0.19505247,1.8278954,false,-16.986908
נשיא,Hosea,Hosea 5:14,-29078,808622,4,נשיא,0.20570281,1.8278954,false,-16.465223
כורש,II Samuel,II Samuel 7:26,29783,446745,4,כורש,0.2963252,1.8278954,false,-12.026281
נשיא,Ezekiel,Ezekiel 13:12,31038,744912,4,נשיא,0.28716135,1.8278954,false,-12.475153
נשיא,Ezekiel,Ezekiel 12:15,-31555,743574,4,נשיא,0.2637055,1.8278954,false,-13.624088
כורש,Zephaniah,Zephaniah 3:20,-32326,843580,4,כורש,0.26948074,1.8278954,false,-13.3412
נשיא,Ezekiel,Ezekiel 18:25,-33019,753980,4,נשיא,0.26779217,1.8278954,false,-13.423911
טראמפ,Joshua,Joshua 21:1,33625,336250,5,טראמפ,0.2844808,1.8278954,false,-12.606454
כורש,Joshua,Joshua 22:32,34103,341030,4,כורש,0.3425305,1.8278954,false,-9.763016
כורש,I Samuel,I Samuel 10:24,-34315,398489,4,כורש,0.30287704,1.8278954,false,-11.705355
נשיא,Jeremiah,Jeremiah 49:37,34343,721203,4,נשיא,0.21985862,1.8278954,false,-15.771832
נשיא,II Kings,II Kings 14:14,34635,554160,4,נשיא,0.24176171,1.8278954,false,-14.6989565
נשיא,I Kings,I Kings 12:14,-35049,505655,4,נשיא,0.18936694,1.8278954,false,-17.265402
נשיא,Haggai,Haggai 2:15,-35395,845419,4,נשיא,0.19002394,1.8278954,false,-17.23322
נשיא,I Kings,I Kings 16:22,36756,514584,4,נשיא,0.2378461,1.8278954,false,-14.890754
נשיא,Joshua,Joshua 7:14,-37868,314340,4,נשיא,0.24861294,1.8278954,false,-14.363364
כורש,Ezekiel,Ezekiel 20:43,37891,757820,4,כורש,0.31136256,1.8278954,false,-11.289709
כורש,Jeremiah,Jeremiah 29:31,40465,687905,4,כורש,0.3713419,1.8278954,false,-8.35175
נשיא,I Samuel,I Samuel 14:39,40524,405240,4,נשיא,0.19269978,1.8278954,false,-17.10215
כורש,Zechariah,Zechariah 8:6,42585,851700,4,כורש,0.34292668,1.8278954,false,-9.743609
כורש,Jeremiah,Jeremiah 51:63,42787,727379,4,כורש,0.2951883,1.8278954,false,-12.08197
נשיא,Amos,Amos 4:1,-43149,820790,4,נשיא,0.26418853,1.8278954,false,-13.600428
כורש,Ezekiel,Ezekiel 22:22,-43768,760928,4,כורש,0.32900044,1.8278954,false,-10.4257555
נשיא,I Samuel,I Samuel 17:45,45806,412254,4,נשיא,0.24340014,1.8278954,false,-14.618702
נשיא,Jeremiah,Jeremiah 3:23,46337,648718,4,נשיא,0.19976535,1.8278954,false,-16.756058
נשיא,Joshua,Joshua 15:34,-47455,329194,4,נשיא,0.3519159,1.8278954,false,-9.303292
כורש,I Samuel,I Samuel 29:6,48042,432378,4,כורש,0.37148798,1.8278954,false,-8.344596
כורש,Isaiah,Isaiah 10:10,-48410,587184,4,כורש,0.3808809,1.8278954,false,-7.8845043
נשיא,I Samuel,I Samuel 5:4,48797,390376,4,נשיא,0.2943534,1.8278954,false,-12.122867
